,gen,effmax_R,effmin_R,effstd_R,effavg_R
0,0,0.2063743792204734,0.2063743792204734,0.0,0.2063743792204734
1,1,0.2063743792204734,0.2063743792204734,0.0,0.2063743792204734
2,2,0.215657625120798,0.215657625120798,0.0,0.215657625120798
3,3,0.22298071504685235,0.22298071504685235,0.0,0.22298071504685235
4,4,0.23786309512550574,0.23786309512550574,0.0,0.23786309512550574
5,5,0.2591455745189174,0.2591455745189174,0.0,0.2591455745189174
6,6,0.28021899256338123,0.28021899256338123,0.0,0.28021899256338123
7,7,0.28024567309457704,0.28024567309457704,0.0,0.28024567309457704
8,8,0.2846773384028142,0.2846773384028142,0.0,0.2846773384028142
9,9,0.2874571779862427,0.2874571779862427,0.0,0.2874571779862427
10,10,0.2889596955073004,0.2889596955073004,0.0,0.2889596955073004
11,11,0.2976349963499819,0.2976349963499819,0.0,0.2976349963499819
12,12,0.2976349963499819,0.2976349963499819,0.0,0.2976349963499819
13,13,0.2976349963499819,0.2976349963499819,0.0,0.2976349963499819
14,14,0.29831375249550174,0.29831375249550174,0.0,0.29831375249550174
