randId,UpperZoneTimeConstant,LowerZoneTimeConstant,GwPercValue,LZThreshold,b_Xinanjiang,PowerPrefFlow,CalChanMan1,CalChanMan2,adjust_Normal_Flood,QSplitMult,GwLoss,Kling Gupta Efficiency,Correlation,Signal ratio (s/o) (Bias),Noise ratio (s/o) (Spread),sae,generation,runNumber,
MinValue,0.01,40.0,0.01,0.0,0.01,0.5,0.5,0.5,0.01,0.0,0.0,
DefaultValue,10.0,100.0,0.8,10.0,0.5,4.0,1.0,1.0,0.8,2.0,0.0,
MaxValue,40.0,10000.0,2.0,30.0,5.0,8.0,2.0,5.0,0.99,20.0,0.5,

0_5,19.87907132636608,6884.462082556738,0.28001029743483696,19.741396974552046,1.3661646712118942,3.4020992695221435,0.5797432346198819,2.408133450365344,0.6245808019570895,0.7388623457167132,0.3211599205253004,-1.6892339304443023,0.8088702454843787,0.7018111360410197,3.665807935880333,269907.321545,0,5
0_3,9.924719806468973,8365.704774269661,0.30085216092951156,8.427440979772197,3.1269625103432808,2.3881345116879507,1.0430160704750415,1.6939977254974812,0.6189597304688474,19.040074077325198,0.4546418701307196,-1.5105904256623042,0.8395580951833358,1.4405564624324747,3.4664210273217777,469177.22548900003,0,3
0_4,0.4677855560994933,5405.840031788915,1.3685822901805549,25.89270427533621,3.3447938989529336,6.10538480149849,0.7599418348956437,3.5476236726736032,0.4983625963583211,18.661895428595233,0.12553979828124084,-1.6502432696699114,0.8336766643191085,2.256516180625192,3.3275078999362653,709987.38912,0,4
0_2,10.365521300493777,7984.78996701113,0.27134076416210934,6.938070915159949,3.162643750933752,5.223868596016545,0.8454968176234068,3.27131651076754,0.5203140205408527,10.225080980092704,0.29858819190164687,-1.6426162774273578,0.8360477207314869,2.1077293225583795,3.3936324253717487,680071.2708427,0,2
0_1,10.172104541248816,9703.058595761046,0.4535900047270757,17.43663029848219,2.914618678504473,0.9423224872515366,1.1794711452395148,2.92843017551924,0.8053181523692614,17.783140849591796,0.02802528778463459,-1.2426570740410647,0.808659928954504,0.510448412808104,3.180192416379029,225623.20431,0,1
0_6,34.03949999753351,2414.5003116927032,0.954976770176689,11.530230137528623,1.5867772132445592,6.7496674917923425,1.856129773916156,4.144430199239183,0.1621280268136477,11.58008170108274,0.06996044063910312,-1.4651091095179765,0.839519040846505,1.5332891059608627,3.401377003521344,483814.42967,0,6
0_7,14.308800649255458,5825.510145461372,1.4653754899656852,7.387139301791954,4.808397458131979,1.0858030651453032,0.7921686669180221,2.8095127905622603,0.987119888189587,3.079393222403368,0.41136103654950296,-1.3123806290324507,0.8406966203584113,1.2127457845680385,3.2970559065699314,371241.09114000003,0,7
0_8,31.038055271213327,8003.445271074767,1.5327839169167297,14.395557532626846,3.3415927841144346,3.127398003045826,0.6566673174306755,3.55639616151999,0.8922896062953563,1.440454004123053,0.08127973697048752,-1.4919227217473905,0.8285632193815564,1.8401857902714418,3.339738472402003,564264.5098,0,8
0_10,16.885357511006394,7158.296393831775,1.7127795177640177,27.727078261519946,1.1251712808102523,2.2190748689922213,1.048031243471245,2.339786338358694,0.09380894952014522,1.1557100610351334,0.24257915649813422,-0.595951148699496,0.780535867740389,0.3333626773956191,2.4333493097628502,231088.28138,0,10
0_9,26.50113785132633,8928.845484603695,0.6534678169027125,5.534646436299529,2.2072256410068967,3.641129869050317,0.5619939693152198,2.3142164035920954,0.3957161185638658,4.41479987199658,0.17117104118538135,-1.5783601350387082,0.822014120402298,1.3960240250811689,3.5415402778982608,449563.58757000003,0,9
0_15,32.77555346541379,1284.1113122524823,1.1512870581427215,25.720730302592507,0.8918261325112569,1.0350196302698307,0.641265708920251,0.9812962141363626,0.4141635764781569,17.698401461203886,0.4120827579199778,0.12246045684494844,0.796491072861587,0.2734208485996624,1.4480429701782118,244188.74300000002,0,15
0_11,34.83312270190111,9400.317378451145,1.4665596323753212,1.2179133551031984,2.874523089336449,6.5667686936152325,1.0660449009382358,2.171562984542992,0.04514731730501778,0.7012151214232598,0.35301486497854134,-1.6100303384519932,0.8389934851387205,2.1603694068046826,3.3323546277450604,677633.03495,0,11
0_13,36.34100731112197,2223.8120728867466,0.6229427061287572,17.418684616754646,4.942107038087202,2.7631371060893866,0.9015673812849299,1.9625429745410155,0.5085167111068648,2.234985896755388,0.09525311272533793,-1.5247451581759788,0.8366176951831553,2.223731137134212,3.2023002611392464,692941.11812,0,13
0_12,19.462855891263057,214.7933549351923,0.8411096005529607,1.5749623503602306,1.325379194047334,2.919477572223155,0.9361199899617043,2.0090412910833155,0.03810726955624639,0.06357607359285034,0.2927484206216783,-1.5155294069246517,0.7975536512090705,0.5637418539268756,3.4691258580616644,240599.98322,0,12
0_14,28.14354179465797,1929.853355933677,1.2451327869737059,0.74823962802128,0.9267221210037576,2.50467962299549,0.930551266974805,2.279937253003595,0.3325432906321938,10.209632058612879,0.19302860601046506,-0.29278238834144976,0.7848611974907472,0.30346249912558027,2.067631541842187,235619.22019000002,0,14
0_16,1.4337744847554545,8774.00855034673,0.9114853385695857,10.028495016964134,3.5028136351760386,7.649037348179988,0.987789550638067,2.7958401838133375,0.46393495518558214,12.473146374788751,0.09124262247516735,-1.659195653475296,0.8396190990772268,2.3399713147192944,3.291304511803386,737313.56155,0,16
0_17,27.28334268158972,9970.05179817738,0.37081668474334184,22.65475599750946,1.953656984253375,5.846316382382753,1.8642749383039185,2.088585234535512,0.15702997553047895,13.862533615184866,0.37526876330564896,-1.5193246160238663,0.8426008302650606,1.6589285477459044,3.426527393464996,535613.1523057001,0,17
0_18,7.538061629908226,282.2733728352465,1.476104010539181,1.3700028782229656,0.8619189822197428,6.025611517610528,1.3332368903205507,1.6332486163267022,0.6823298457258978,9.676955666063225,0.34314163528696645,-1.5864599025845032,0.8088163451256042,0.6504588428833454,3.5555908548255246,258632.53457,0,18
0_19,35.30106421807467,2797.540797859621,0.49493550500084077,18.565151642161375,2.561721241930422,5.2341176592270635,0.8242484352529607,2.476422218783698,0.7870702053627239,0.7560383008073379,0.3861483204840055,-1.6214619817696367,0.8330682710504601,1.8857351875623192,3.4616396765667092,610925.1177920001,0,19
0_20,28.790789308293945,2830.1654507731723,0.9024276951504792,27.360347462997872,4.0760345161654215,5.2178319760666465,0.5251432313687374,4.021391102618363,0.5875454906237015,15.610044464100213,0.06395293347519332,-1.693943914896602,0.8259293883030433,2.351881571779198,3.3236715462034825,747438.4746000001,0,20
0_21,17.27793443031166,2304.1955574593567,0.9247466899858964,0.8455916347998782,3.4582868646222837,1.5663489699951425,0.5893993269990361,1.4541394146872424,0.829148780772955,6.455777570884367,0.2883685776843587,-1.4954504452462376,0.8276309619955301,1.1435516108767305,3.485348018775591,367619.44311,0,21
0_22,14.31845387155616,351.41102846786765,1.1450393132010785,9.000498954017175,3.810614807756832,1.3394658413823939,0.5946212636521916,4.447944812024369,0.4435862650003374,18.58526181344383,0.4308166455015787,-1.486059625965264,0.8300885982732042,1.1041989541300623,3.4780567300560303,357041.92897,0,22
0_23,6.449413721550411,5288.844270759506,1.452386340101594,20.359660863242173,3.9804866815631543,7.765769272615967,1.410871866070991,4.730660043314775,0.3367884986259489,14.01394980754832,0.2476009410374403,-1.641112550417168,0.8460924872522249,2.4220885663453426,3.2202369447788044,760063.31716,0,23
0_24,1.9077216926944651,6678.305195164235,1.4980802831097606,9.85963073616832,4.265315912806684,3.1854841464700634,1.897896840157659,0.9053146876137306,0.07432842328041014,17.47510823285987,0.2163365856720334,-1.467421185640108,0.8475498035589799,2.1671064527993527,3.1685914259686734,664192.1673300001,0,24
0_25,38.022140048542646,2547.323726336229,0.15370708847022163,11.881135683964928,2.540628156089617,2.550381787485795,1.1290955085916279,0.8418477912392435,0.7601497924198676,6.223923495056967,0.2401083483015538,-1.4787181875152586,0.8318411729668445,1.2233722962057576,3.4628989584019743,391428.98039000004,0,25
0_27,28.5317862955957,9926.530439813288,1.5071022107301961,28.459701325660582,0.1131015754657095,6.0006050029573705,0.5093656944975038,3.7664465449339017,0.8752398945268253,12.732735690536948,0.324577853184476,0.06236056270403745,0.7295612129506452,0.25237915882714,1.497085158374245,251260.43472999998,0,27
0_26,10.26531905784686,4402.797112863764,0.5128996652426232,12.753607501844638,3.7275653160530244,4.4096386664039775,1.6441715072000425,4.490696484118775,0.3675600987130078,2.600371077239252,0.07705294096610371,-1.5570406322820527,0.8472561183091565,2.196761401443579,3.254526169677836,692367.8213,0,26
0_28,34.42356345696539,4650.906741734673,0.13601733993554851,23.161874044494418,2.0332954947738537,4.845919621538468,1.408129219957432,1.2537759475816963,0.9473154425761097,1.640596174747433,0.22200854798981112,-1.5118965864603595,0.8390611147062709,1.5527261128428247,3.445039259491201,498587.659614,0,28
0_29,2.405864499914091,3944.8341210291737,1.5227839699295673,3.178460526429314,4.785188719073021,3.919521174187784,1.1543042750789236,1.389130923110548,0.3206920740259441,17.845837035752876,0.05591731179614107,-1.5885872340361096,0.8408363637701142,2.4157244863076213,3.161290120272107,747038.33637,0,29
0_30,14.010384908710352,1356.4190288810694,0.37740119017552165,10.953834783065815,1.85658395830331,6.200606362498104,1.0277020800355823,4.13843114647892,0.9693316133971909,4.340682722132671,0.308355947655463,-1.5863083276152166,0.8368180980748117,1.6487673104498348,3.498292098467988,539281.804041,0,30
0_31,0.7762968500684485,1502.6305679646196,1.6580169118672519,18.110676113150387,4.151300937260786,7.030203931407238,1.9525790129688259,2.9718694921870425,0.8212036863161327,15.04179559371506,0.07898049745622604,-1.6258919628410422,0.8501559053387459,2.4183261899911157,3.2048143156723237,764674.301918,0,31
0_32,11.451139284470909,3579.612661435148,1.2064005355529182,14.46434848316156,2.019020755811958,3.6640523458257954,0.6793717581273719,1.7536520809152976,0.6349823393295774,5.352828851092408,0.23881901759632068,-1.5684611769229546,0.8240205545329948,1.2810502572556899,3.54696580366327,415811.47831,0,32
0_33,39.24432812273125,8093.282368573044,0.980467640903446,4.77319279152718,1.1665942659820194,1.4702640999767067,1.5585009294941305,1.3484104313321241,0.29005816611483537,9.805975223940813,0.1512606104208446,0.09468110328010204,0.7733437510934532,0.2727025736399749,1.4891499802717267,244430.14087,0,33
0_34,30.899545173473438,4764.795519660888,0.13566798912515327,3.179698465961734,0.43186767737943454,4.6207895931757905,1.37773508094179,0.6507730624017097,0.23053293525349614,15.128361176204706,0.07450560745591123,-0.020693359547128143,0.7429751802319491,0.28454803809675927,1.6810885892860103,240449.11682,0,34
0_35,4.351367043732316,6050.038339952568,1.9830274246911577,19.02724019624146,2.883272697157057,6.300625590786908,1.2627038634899364,2.1769135254548138,0.4976304401831086,11.421195808839006,0.2948814521254211,-1.5795670774709274,0.8416960757824583,2.1551060385230265,3.301051110800642,669744.88992,0,35
0_37,10.475580067137011,2309.860361846384,1.3157060135391399,14.867191684307071,1.8224291165978803,3.979973885213006,1.258125772382209,0.984259491746738,0.8610950860239055,18.245105944654636,0.4616218599718382,-1.5484108519068571,0.8314700040451718,1.2064169779442115,3.5344402817577842,398655.09086,0,37
0_36,25.371450244311074,3583.1572472846174,0.2331899172053375,25.53630637392514,1.2074216928721366,7.748527467537988,1.6570304675495577,2.202589924992238,0.10644288333846391,18.092058881398543,0.3759001510214119,-1.5342725288074113,0.8368286880890221,1.263419291065881,3.5152579689430485,418903.11635599995,0,36
0_38,19.761537858313616,5922.852156513668,0.10830367287570386,2.9863965979065332,4.431140566779779,5.20529870955306,1.9221620664845247,4.595535954750192,0.12030608211297368,19.787530336665405,0.45342153671641133,-1.6092002320998988,0.849361672007636,2.4061672178102933,3.192698725517368,761342.9912533,0,38
0_39,37.18726149083079,2134.0746229558467,1.7521302450987732,20.5485144978909,2.346717247374276,0.9419818683214118,1.230433530390597,1.7171374734653102,0.928434189791215,18.952148723578134,0.3370399184119465,-0.4815462880860566,0.755465545107753,0.35390809974636095,2.3106286890415477,225595.23522,0,39
0_40,12.084923044401028,9484.76650686653,1.7135336594082702,28.30327146061278,0.7731535086466212,5.427457338071871,1.650366693062833,3.5871584636487217,0.7615811580542252,5.090021646960166,0.09753669167385315,-1.2268866249375048,0.7867233566753467,0.518240393724078,3.163664667987761,225698.79093000002,0,40
0_42,9.166575132722393,3873.788215167664,1.3219795470821412,2.658922805677003,2.5407351844132773,7.35787320806018,0.5739827321223724,1.2800483416728756,0.8710639726360676,8.594480847506745,0.1247176557704785,-1.6806747378648126,0.8255984797599595,2.0966687821945267,3.439860393982516,667870.39218,0,42
0_41,5.811413065976363,7647.977176088357,0.8142278350381408,8.085743804869292,2.8343840192258347,2.6355952699421072,1.2193589898441244,4.862247775725292,0.051640918556945414,15.955452905251573,0.15148535106793293,-1.4711808324925348,0.8380845337650037,1.4243243309636697,3.4290876787025693,453599.09031999996,0,41
0_44,0.2910992184571069,3661.431520339434,1.8056059089134437,16.69543464945464,0.17140222219364099,5.924794587851646,1.4907800766891388,4.877868933247215,0.35112056647618556,14.796782866856352,0.33934195110160964,-0.6192972510220263,0.7516398511940463,0.2695708499847492,2.4236973275456317,248273.22865,0,44
0_43,9.923929739103507,8708.204955125555,1.9269942492230752,9.296336719270839,3.299926045269508,1.881873496761732,0.9236369017919099,2.8732094904899563,0.1641682587864625,3.9131613961634426,0.35638710445283506,-1.402783290654055,0.8315110238312441,1.2896704062422273,3.379300330455026,395758.57238,0,43
0_45,36.872402232702335,9934.824610687248,1.3110035946584375,20.194538629920206,2.2389661817511697,7.470983066808451,1.641568655045067,2.2504633968133714,0.9084806674993519,10.692136423056024,0.24458528620687475,-1.549146918880032,0.8431568956174494,2.0071833709964855,3.3364785280056313,627429.48966,0,45
0_48,30.395014786535217,4197.464677976171,1.9372248286015636,9.282860296222584,0.1508789005020079,0.7978057967848297,0.6352856714992843,4.17257645048662,0.024539001800100387,1.7737194643795395,0.3186208750589805,0.20637437922047341,0.8159601439982045,0.28837072913853284,1.2992569768839217,239164.38669999997,0,48
0_46,20.10237537766294,5288.572458078407,1.4393008306068082,19.223672921608273,3.155988671877575,1.8534427149627954,0.742528846259144,1.4905937045149575,0.7238859435511926,9.560053537346928,0.3664933471508433,-1.474633138200955,0.8271264767857159,1.193648723787605,3.460980309841836,378206.4617,0,46
0_47,32.44995036331445,9791.958934626791,0.6369648569994327,15.441895249825853,1.6309681576800124,3.5940425377367626,1.0248328471382462,2.1299954736603794,0.4265871524390929,9.056197334108884,0.09090895778820374,-1.5093024856294668,0.8217809328801746,0.9743334975898449,3.502834025490941,321669.9849,0,47
0_49,6.79996259070911,6032.206314367314,0.6632631524704923,13.552750621061953,3.0669870902992273,5.057593086961952,1.516205481879334,2.0217538050871777,0.19610757041889085,17.723888109517645,0.1443609534910893,-1.5624014557229189,0.8447807827108187,2.0734217653455933,3.3215455904542166,656056.4607,0,49
0_50,27.11474787361097,5669.847877448666,0.6423632996076355,27.64771528379701,2.82591126866401,5.203754811000588,1.2355378453479224,2.9545412168402647,0.5248899198564516,12.275805379764456,0.3948618670222301,-1.5901238075914077,0.8410166872806909,1.9890712678643834,3.388556817832422,638645.4078240001,0,50
0_51,9.577450873889095,9272.34051752935,1.3202662209669729,24.931805906435898,2.753377570238602,7.235309622799631,1.2134891854672705,1.8761618952810997,0.3469710054172723,14.957716497727473,0.4739726107310911,-1.620227365537351,0.8411184608254011,2.1504145209996555,3.3488070447555818,680821.1442699999,0,51
0_53,11.97803192488256,4079.209833666482,1.3535095569537952,7.666495745151791,0.745611329799236,2.954359050641041,0.5619527759603634,3.8620092666949146,0.8035321145097599,3.132662812070839,0.23475780849244254,-0.3384483276896675,0.8337443846973536,0.28843659966942986,2.1213743904627047,239490.30093000003,0,53
0_52,29.739083937644917,7272.832017179587,0.6606022857403152,6.904937517525078,3.7564478400261936,7.6245762333273515,1.340796200129117,1.5291451814071388,0.0882624906628775,19.450519741511773,0.4312458165320465,-1.6577216420029046,0.8453250017840396,2.355389609477242,3.2808943372762003,752806.6637852,0,52
0_54,9.350833954238588,7155.318559470644,1.639225628480485,25.228960939075957,3.9767705115230667,5.78066597156363,1.7108195502991812,2.9945923403926398,0.44067169998645916,0.3070650338662828,0.16975777051926494,-1.5892480972225034,0.8481763737668908,2.3934486273998483,3.1770292185189577,739047.5197000001,0,54
0_55,19.698441566792802,4346.657057250926,1.4986427277972691,21.774465715171768,2.5519574726962655,1.1887425462860364,1.1768876141921674,2.2800952043736116,0.8258433449789598,2.627393795110071,0.05891004783985582,-1.2194094395375634,0.7870690740061553,0.5475095230145034,3.162334629353487,224998.55208,0,55
0_56,16.934710607108837,7629.706130274171,1.837700943797731,29.304888437311938,0.7992765088934084,4.447135533656288,0.6185126729400441,4.396087058188756,0.4856538107630804,1.3910812207522882,0.1497996844120718,-1.1373519003002883,0.7810239898228964,0.43713439176972213,3.0502450974836472,224224.42729999998,0,56
0_59,20.48074918375927,2358.848712139721,1.4939471645528462,23.774567974288242,0.5283732314435617,2.1054193143967628,1.4526013425815232,4.335449578968513,0.06694155724166431,8.25383345302409,0.013299281875324143,0.12238407183544286,0.7804414108741713,0.2796741846279887,1.4507044075864575,242087.12164,0,59
0_58,27.16105197466534,5864.33466235931,0.3034251783625401,9.062866792994328,3.1142350480987204,1.8839830899176755,0.7062083567006224,3.8078928869658153,0.2721029647987344,17.168105830086304,0.21837854893530756,-1.5021463944097424,0.8297187774940301,1.1922638985779668,3.4889305891533313,384065.94219800003,0,58
0_57,8.655166688952471,4557.3959687473525,1.0343904029536968,20.174620341977093,2.659698040061711,7.200744240867512,1.4496757057717187,0.5367240768669543,0.5914886103783952,19.97356556298707,0.27156175238220387,-1.6090371133168353,0.8434154717753505,2.111773740171351,3.3551040518097524,672286.7034499999,0,57
0_60,15.270472829600763,6576.467360709195,1.962759227222863,9.555052149792678,0.8605361003084602,2.403261287625054,0.5227378875547326,4.603802354036833,0.37505745803400437,5.1892918482385975,0.11703982643569655,-0.06001329441498582,0.8290498136427528,0.2976616992089651,1.775322596963932,236110.23119999998,0,60
0_61,11.779870541167284,1974.8514819673271,0.6861557098999443,14.434329324650989,2.0199344646632484,5.033109715232425,0.9742114854326417,0.8936775970360189,0.6090368172879514,8.697959954163712,0.44025731083206937,-1.5860168499426255,0.8347388183472716,1.5687159635042878,3.517287040224319,514525.202124,0,61
0_62,15.563490408424402,7923.13366639634,0.3697098251742905,11.381322173482568,3.9987377618037696,5.474316730419822,1.3724320822501013,2.4428966823627674,0.5173418850253004,9.404120478834063,0.33301690998341127,-1.6307107353814683,0.8452879859527206,2.3339547794389923,3.262137885358143,744361.5803075,0,62
0_63,9.977817176579828,2183.5504925807545,0.4898825887727626,7.217398537294944,2.079365020647187,1.4192284764122216,1.6238427873835533,4.522093779139683,0.16653124856738652,1.1281352303104142,0.2896392738070656,-1.376478817722849,0.792554457908048,0.47627174673246725,3.308750015675345,233254.67887,0,63
0_64,36.709449421770024,2223.5691708432287,0.6787253683468939,20.279290538874445,2.6619313785592946,5.632496129637915,1.32212505862026,4.100305565442565,0.31421702203896756,18.163885419701945,0.46782258801848087,-1.5966148440344337,0.841451840429109,1.9701540242334539,3.403346063017202,635398.2188309999,0,64
0_66,28.248616424504384,7691.117877857172,0.697938505479368,8.401445318477798,1.6280919819377424,6.229097398724305,1.3037231709240666,0.7522858947947164,0.18802275478362232,18.71607255913827,0.18582245179104956,-1.5120534800359549,0.8372396267888128,1.4920398446465266,3.4580110941070075,478027.28645,0,66
0_65,23.667351553283297,2985.4060243387853,0.32322810798342927,10.874136233546565,4.902090538010938,2.2131606238309516,1.5064439961620464,0.5126955529846229,0.5766810675195344,8.531301669914896,0.29287165590952224,-1.419822334077133,0.8473841620745514,2.015140854953506,3.1912867405059253,630067.711613,0,65
0_67,12.59535274066526,3722.1669750429683,0.03655202543556766,6.059430578248241,2.7104871986667365,3.3232601816338323,1.9505846366921005,0.7416963467150117,0.18520734398116942,2.9631076278637503,0.33000306885584807,-1.4722046506834112,0.8441049010998919,1.579287409180486,3.3983157945868125,508131.37074399996,0,67
0_69,23.316158061473605,6396.357228225693,1.0893184932385747,24.207467147752393,4.9375899260922544,3.686497340102499,1.272393961539732,3.305989063018097,0.4904312650830198,14.793050003039422,0.18585545171318707,-1.5772601630511027,0.842128088270007,2.410930411515376,3.1509583402283656,747429.55597,0,69
0_68,27.949696284298962,6885.142751536713,0.22492077403633048,9.509590994145254,3.9497761143704957,5.96103361312126,0.5310623617102175,2.5194162484661056,0.44344185156223004,4.052013544421178,0.30727748152646567,-1.7192915618614895,0.8265501092679611,2.3467322279003007,3.356008073023273,754743.4340453,0,68
0_70,21.895136399806177,2535.9006317851736,1.7491789441664318,19.534732217528738,2.237582550539657,4.366665695876088,0.9124184350739346,3.5786367825260803,0.10012609443979119,3.518226209543347,0.38832928480889356,-1.5384107245954644,0.8305024707226658,1.5819726754368595,3.464976145798375,502390.64437999995,0,70
0_71,34.014448977622145,9319.006580464027,1.719737981129209,19.550498406776597,1.9484834338356622,6.689702598341845,1.2265736155844957,3.96573623628029,0.1219928907720974,2.3241645796744836,0.15540806682715974,-1.4988637875861346,0.837125870991283,1.8078439270253575,3.3590634659917953,556721.37057,0,71
0_72,12.250368504892956,9942.870117535862,1.5148964212621236,8.921223315067714,3.8703561350931244,2.9539573516429893,1.7901389994169736,4.57805549933558,0.5236788679870289,14.851284739511229,0.02374861249345611,-1.403043807329968,0.846214807599554,1.9951141099338747,3.181906863905006,601448.41868,0,72
1_3,4.776724368293105,5018.474127982404,1.942732608369569,17.463129684593234,0.6839781856728855,5.875485490857102,1.3054319114386466,5.0,0.4269560953913853,12.018728852200258,0.32698720618697685,-1.3721248006796865,0.7841246440812946,0.46318052441259294,3.3004779397630997,232992.37946,1,3
1_1,38.02175708747053,5669.847877448666,0.2468848288661192,16.499077312852034,2.82591126866401,7.779015909746041,1.472688865279939,2.9545412168402647,0.5248899198564516,2.8793763598246445,0.45003359532373294,-1.639007219919014,0.844585943804496,2.167413994414366,3.3616414087593904,697293.2689347999,1,1
1_2,8.322007281371517,7899.093301558748,1.1577391012475968,20.76699570623928,2.161061712625274,5.143290823457734,1.4822833681675527,0.8286401248860824,0.6635431865910619,10.956276273861686,0.3216014757044532,-1.506133600278389,0.8398042921026859,1.6945139765073216,3.402642980979818,536068.49174,1,2
1_4,23.667351553283297,2985.4060243387853,0.32322810798342927,10.874136233546565,4.902090538010938,5.314136357803893,1.5064439961620464,0.5,0.5766810675195344,8.531301669914896,0.29287165590952224,-1.6411253487221948,0.8456725079314434,2.4961240423946043,3.171022566124911,788468.7389483,1,4
1_5,15.182184705415292,7941.694678001731,0.5653867841695368,12.88928741115212,3.5058118871529746,5.528289311047315,1.634840689456702,2.508620133403131,0.3992103055885502,3.4830887782415787,0.06329397239681409,-1.5876318111881584,0.8470669649371908,2.24463272259884,3.2634794593491647,707149.34065,1,5
