0_5,-1.6892339304443023
0_3,-1.5105904256623042
0_4,-1.6502432696699114
0_2,-1.6426162774273578
0_1,-1.2426570740410647
0_6,-1.4651091095179765
0_7,-1.3123806290324507
0_8,-1.4919227217473905
0_10,-0.595951148699496
0_9,-1.5783601350387082
0_15,0.12246045684494844
0_11,-1.6100303384519932
0_13,-1.5247451581759788
0_12,-1.5155294069246517
0_14,-0.29278238834144976
0_16,-1.659195653475296
0_17,-1.5193246160238663
0_18,-1.5864599025845032
0_19,-1.6214619817696367
0_20,-1.693943914896602
0_21,-1.4954504452462376
0_22,-1.486059625965264
0_23,-1.641112550417168
0_24,-1.467421185640108
0_25,-1.4787181875152586
0_27,0.06236056270403745
0_26,-1.5570406322820527
0_28,-1.5118965864603595
0_29,-1.5885872340361096
0_30,-1.5863083276152166
0_31,-1.6258919628410422
0_32,-1.5684611769229546
0_33,0.09468110328010204
0_34,-0.020693359547128143
0_35,-1.5795670774709274
0_37,-1.5484108519068571
0_36,-1.5342725288074113
0_38,-1.6092002320998988
0_39,-0.4815462880860566
0_40,-1.2268866249375048
0_42,-1.6806747378648126
0_41,-1.4711808324925348
0_44,-0.6192972510220263
0_43,-1.402783290654055
0_45,-1.549146918880032
0_48,0.20637437922047341
0_46,-1.474633138200955
0_47,-1.5093024856294668
0_49,-1.5624014557229189
0_50,-1.5901238075914077
0_51,-1.620227365537351
0_53,-0.3384483276896675
0_52,-1.6577216420029046
0_54,-1.5892480972225034
0_55,-1.2194094395375634
0_56,-1.1373519003002883
0_59,0.12238407183544286
0_58,-1.5021463944097424
0_57,-1.6090371133168353
0_60,-0.06001329441498582
0_61,-1.5860168499426255
0_62,-1.6307107353814683
0_63,-1.376478817722849
0_64,-1.5966148440344337
0_66,-1.5120534800359549
0_65,-1.419822334077133
0_67,-1.4722046506834112
0_69,-1.5772601630511027
0_68,-1.7192915618614895
0_70,-1.5384107245954644
0_71,-1.4988637875861346
0_72,-1.403043807329968
1_3,-1.3721248006796865
1_1,-1.639007219919014
1_2,-1.506133600278389
1_4,-1.6411253487221948
1_5,-1.5876318111881584
